Unnamed: 0,Unnamed: 1,Unnamed: 2,Unnamed: 3,Concordance,CL_PREMOD_ADJ,CF_PREMOD_ADJ,HUMAN,concatenated_text,palabra,annotations_gpt-4.1-mini_blacken_COHA_GENERIC,GPT_CATEGORY
268,1997,TV/MOV,...t in the Garden of Good and Evil,"  pocket. Get a picture. Sew up the mouth with dove's blood. Blacken the eyes. Now, go. I got work. Boy... Take these",MAKE_BLACK,MAKE_BLACK,MAKE_BLACK,"  pocket. Get a picture. Sew up the mouth with dove's blood. Blacken the eyes. Now, go. I got work. Boy... Take these",black,PAINT_BODY_BLACK,PAINT_BODY_BLACK
683,1970,FIC,Across110th,  escape from the rotting wharfs and condemned warehouses. The garage's red bricks were blackened by years of soot and they almost missed the sign hanging tilted and loose:,BE(COME)_BLACK,BE(COME)_BLACK,BE(COME)_BLACK,  escape from the rotting wharfs and condemned warehouses. The garage's red bricks were blackened by years of soot and they almost missed the sign hanging tilted and loose:,black,MAKE_BLACK,MAKE_BLACK
277,1877,FIC,AdriftInIce-Fields,"  open lantern, lay the dead farmer, with his worn frieze coat torn and blackened, and his black hair knotted with pond weeds, and clotted with gore.",ADJECTIVE,BE(COME)_BLACK,ADJECTIVE,"  open lantern, lay the dead farmer, with his worn frieze coat torn and blackened, and his black hair knotted with pond weeds, and clotted with gore.",black,ADJECTIVE,ADJECTIVE
278,1877,FIC,AdriftInIce-Fields,"  immovable inner ice-fields; swam placidly among the narrow leads, or in huge bodies blackened the open pools or the projecting points of ice. Among them, too,",MAKE_BLACK,MAKE_BLACK,MAKE_BLACK,"  immovable inner ice-fields; swam placidly among the narrow leads, or in huge bodies blackened the open pools or the projecting points of ice. Among them, too,",black,BE(COME)_BLACK,BE(COME)_BLACK
49,1839,FIC,AdventuresHarry,"  , I walked boldly into a little musty room, the walls of which were blackened with smoke, and the windows and shelves covered with dust and cobwebs. A",MAKE_BLACK,MAKE_BLACK,MAKE_BLACK,"  , I walked boldly into a little musty room, the walls of which were blackened with smoke, and the windows and shelves covered with dust and cobwebs. A",black,ADJECTIVE,ADJECTIVE
465,1920,FIC,AdventuresInSouthern,"  fastened round each middle and above this a girdle of human hair. They then blackened with charcoal, and their wounds plastered with clay in order to form the hands",MAKE_BLACK,MAKE_BLACK,MAKE_BLACK,"  fastened round each middle and above this a girdle of human hair. They then blackened with charcoal, and their wounds plastered with clay in order to form the hands",black,MAKE_BLACK,MAKE_BLACK
446,1917,FIC,AdventuresJimmie,"  Gray Seal! Jimmie Dale's hands, whose delicate fingers were artfully grimed and blackened now beneath the nails, clenched still tighter -- and then, with a quick",MAKE_BLACK,MAKE_BLACK,MAKE_BLACK,"  Gray Seal! Jimmie Dale's hands, whose delicate fingers were artfully grimed and blackened now beneath the nails, clenched still tighter -- and then, with a quick",black,MAKE_BLACK,MAKE_BLACK
16,1835,FIC,AdventuresTimothy,  grew impatient for the moment of its execution to arrive. Meanwhile the thick and blackening mass of cloud in the south was rapidly approaching. Nearer and nearer fell the,ADJECTIVE,ADJECTIVE,ADJECTIVE,  grew impatient for the moment of its execution to arrive. Meanwhile the thick and blackening mass of cloud in the south was rapidly approaching. Nearer and nearer fell the,black,BE(COME)_BLACK,BE(COME)_BLACK
249,1871,NF/ACAD,AdventuresYoung,"  Unfortunately, our torches gave a very insufficient light, and the thick smoke rapidly blackened the arches above us. A great polished stone now impeded our passage, and",MAKE_BLACK,MAKE_BLACK,MAKE_BLACK,"  Unfortunately, our torches gave a very insufficient light, and the thick smoke rapidly blackened the arches above us. A great polished stone now impeded our passage, and",black,MAKE_BLACK,MAKE_BLACK
102,1871,NF/ACAD,AdventuresYoung,"  in America, and however weak its action may be, it is sufficient to blacken the pigment. "" "" But if they always lived in the shade? """,MAKE_BLACK,MAKE_BLACK,MAKE_BLACK,"  in America, and however weak its action may be, it is sufficient to blacken the pigment. "" "" But if they always lived in the shade? """,black,MAKE_BLACK,MAKE_BLACK
180,1922,NF/ACAD,AfootInEngland,"  throw it away. That any millionaire should hesitate for a moment to blast and blacken any part of the earth's surface, howsoever green and refreshing to the heart",MAKE_BLACK,MAKE_BLACK,MAKE_BLACK,"  throw it away. That any millionaire should hesitate for a moment to blast and blacken any part of the earth's surface, howsoever green and refreshing to the heart",black,MAKE_BLACK,MAKE_BLACK
772,1994,FIC,AfricanAmerRev,"  river, "" the old man began most of his stories. His hand, blackened by the Jericho sun, would be raised above his brow to shield his eyes",BE(COME)_BLACK,MAKE_BLACK,BE(COME)_BLACK,"  river, "" the old man began most of his stories. His hand, blackened by the Jericho sun, would be raised above his brow to shield his eyes",black,ADJECTIVE,ADJECTIVE
653,1961,FIC,AgonyEcstasy,"  . "" My father was right, "" commented Michelangelo, his hands and arms blackened with the pigment: "" to be an artist is first to be a manual",MAKE_BLACK,MAKE_BLACK,MAKE_BLACK,"  . "" My father was right, "" commented Michelangelo, his hands and arms blackened with the pigment: "" to be an artist is first to be a manual",black,ADJECTIVE,ADJECTIVE
25,1840,FIC,AirsPalestineOther,"  , -- his servants here, -- your seat? There's a cloud, blackening up the sky! East, west, and north its curtain spreads; Lift",BO_COVER,BO_COVER,BO_COVER,"  , -- his servants here, -- your seat? There's a cloud, blackening up the sky! East, west, and north its curtain spreads; Lift",black,BE(COME)_BLACK,BE(COME)_BLACK
259,1986,FIC,AlienFlesh,  | the scaly wall. The tongue bites and gouges. Flakes roast off and blacken and finally bubble up like tar. The rushing proton currents wash the flakes away,BE(COME)_BLACK,BE(COME)_BLACK,BE(COME)_BLACK,  | the scaly wall. The tongue bites and gouges. Flakes roast off and blacken and finally bubble up like tar. The rushing proton currents wash the flakes away,black,BURN,BURN
377,1898,FIC,AllAboard A,"  skin drawn like a mummy's across the prominent bones, the lips stiff and blackened, between which the teeth shone whitely, the eyes sunken and but half closed",ADJECTIVE,BE(COME)_BLACK,ADJECTIVE,"  skin drawn like a mummy's across the prominent bones, the lips stiff and blackened, between which the teeth shone whitely, the eyes sunken and but half closed",black,ADJECTIVE,ADJECTIVE
549,1942,FIC,AlongStreet,"  no nozzle) and wash the brick pavement, specially after the coal man had blackened it with dust; or sweep a late surprisingsnow; or astound the dealer in",MAKE_BLACK,MAKE_BLACK,MAKE_BLACK,"  no nozzle) and wash the brick pavement, specially after the coal man had blackened it with dust; or sweep a late surprisingsnow; or astound the dealer in",black,MAKE_BLACK,MAKE_BLACK
418,1908,FIC,AmabelChannice,"  to see him also, with those eyes of compassionate understanding; he was not blackened, to her vision, by the shadowing corruption, but, in his way",CORRUPT,CORRUPT,CORRUPT,"  to see him also, with those eyes of compassionate understanding; he was not blackened, to her vision, by the shadowing corruption, but, in his way",black,CORRUPT,CORRUPT
150,1908,FIC,AmabelChannice,"  , Amabel, "" Lady Elliston suddenly pleaded, "" this is not going to blacken things for you; you won't let it blacken things. You will live",MAKE_BLACK,MAKE_BLACK,MAKE_BLACK,"  , Amabel, "" Lady Elliston suddenly pleaded, "" this is not going to blacken things for you; you won't let it blacken things. You will live",black,DEFAME,DEFAME
151,1908,FIC,AmabelChannice,  this is not going to blacken things for you; you won't let it blacken things. You will live; you will leave your prison and come out into,MAKE_BLACK,MAKE_BLACK,MAKE_BLACK,  this is not going to blacken things for you; you won't let it blacken things. You will live; you will leave your prison and come out into,black,CORRUPT,CORRUPT
75,1867,FIC,AmbroseFecitThe,"  cry out, but was in imminent danger of strangulation. His face began to blacken, his tongue protruded, his eyes seemed bursting from their sockets, and his",BE(COME)_BLACK,BE(COME)_BLACK,BE(COME)_BLACK,"  cry out, but was in imminent danger of strangulation. His face began to blacken, his tongue protruded, his eyes seemed bursting from their sockets, and his",black,BE(COME)_BLACK,BE(COME)_BLACK
10,1831,FIC,AmericanCommon-place,"  shore Where storms are hushed, where tempests never rage; Where angry skies and blackening seas no more With gusty strength their roaring warfare wage. By thee its peaceful",ADJECTIVE,ADJECTIVE,ADJECTIVE,"  shore Where storms are hushed, where tempests never rage; Where angry skies and blackening seas no more With gusty strength their roaring warfare wage. By thee its peaceful",black,BE(COME)_BLACK,BE(COME)_BLACK
11,1831,FIC,AmericanCommon-place,"  leaves strew the forest-walk, And withered are the pale wild-flowers; The frost hangs blackening on the stalk, The dew-drops fall in frozen showers. Gone are the spring",BE(COME)_BLACK,BE(COME)_BLACK,BE(COME)_BLACK,"  leaves strew the forest-walk, And withered are the pale wild-flowers; The frost hangs blackening on the stalk, The dew-drops fall in frozen showers. Gone are the spring",black,BE(COME)_BLACK,BE(COME)_BLACK
284,2005,FIC,AmericanGirlsAbout,"  . "" Tomorrow when you do the BBC breakfast show, I'm going to blacken your front tooth. You were marvelous! Marvelous! "" Nigel practically jumps up",PAINT_BODY_BLACK,PAINT_BODY_BLACK,PAINT_BODY_BLACK,"  . "" Tomorrow when you do the BBC breakfast show, I'm going to blacken your front tooth. You were marvelous! Marvelous! "" Nigel practically jumps up",black,MAKE_BLACK,MAKE_BLACK
130,1853,NF/ACAD,AmericanHandBook,"  the camera. His method is to fix at the bottom of a tube, blackened within, a piece of card, on which chloride of silver, mixed with",ADJECTIVE,MAKE_BLACK,MAKE_BLACK,"  the camera. His method is to fix at the bottom of a tube, blackened within, a piece of card, on which chloride of silver, mixed with",black,ADJECTIVE,ADJECTIVE
11,1853,NF/ACAD,AmericanHandBook,"  plate to the vapor of bromine, it assumes a leaden-grey color, which, blackens by light very readily. Exposing this to mercury will not produce any decided action",BE(COME)_BLACK,BE(COME)_BLACK,BE(COME)_BLACK,"  plate to the vapor of bromine, it assumes a leaden-grey color, which, blackens by light very readily. Exposing this to mercury will not produce any decided action",black,BE(COME)_BLACK,BE(COME)_BLACK
12,1853,NF/ACAD,AmericanHandBook,"  ioduret of silver; and in this state it is exposed to light, which blackens it. When dry, it is to be again polished, either with dilute",MAKE_BLACK,MAKE_BLACK,MAKE_BLACK,"  ioduret of silver; and in this state it is exposed to light, which blackens it. When dry, it is to be again polished, either with dilute",black,MAKE_BLACK,MAKE_BLACK
307,1882,NF/ACAD,AmericanHero-Myths,"  the same reason, in many picture writings, both his face and body were blackened. Footnote 1: Sahagun, Lib. iii, Append, cap. vii.",PAINT_BODY_BLACK,PAINT_BODY_BLACK,PAINT_BODY_BLACK,"  the same reason, in many picture writings, both his face and body were blackened. Footnote 1: Sahagun, Lib. iii, Append, cap. vii.",black,PAINT_BODY_BLACK,PAINT_BODY_BLACK
234,1869,NF/ACAD,AmericanWomans,"  of preparation; even tough animal cartilages and sinews, instead of appearing burned and blackened in company with the roast meat to which they happen to be related, are",ADJECTIVE,ADJECTIVE,ADJECTIVE,"  of preparation; even tough animal cartilages and sinews, instead of appearing burned and blackened in company with the roast meat to which they happen to be related, are",black,ADJECTIVE,ADJECTIVE
757,1990,MAG,Americas,"  you could ever hope to see, "" Trent says. "" The ground is blackened, whitened and pinkened by the multitude of birds that fly in. "" #",MAKE_BLACK,MAKE_BLACK,MAKE_BLACK,"  you could ever hope to see, "" Trent says. "" The ground is blackened, whitened and pinkened by the multitude of birds that fly in. "" #",black,MAKE_BLACK,MAKE_BLACK
778,1995,FIC,AmerPoetryRev,  . # The banners hung. Strange music of country and God and the bunting blackened. Fear for them. # I bolt upright at five A.M. I fear for,BE(COME)_BLACK,ADJECTIVE,BE(COME)_BLACK,  . # The banners hung. Strange music of country and God and the bunting blackened. Fear for them. # I bolt upright at five A.M. I fear for,black,BE(COME)_BLACK,BE(COME)_BLACK
75,1845,MAG,AmWhigRev,  revolting to the moral sense of even the Roman of that corrupt age which is blackened in the memory and records of the human race by the betrayal and death of,DEFAME,DEFAME,DEFAME,  revolting to the moral sense of even the Roman of that corrupt age which is blackened in the memory and records of the human race by the betrayal and death of,black,MEMORY,MEMORY
76,1845,MAG,AmWhigRev,"  and soon defiled with the blood of enslaved, alarmed victims of superstition, and blackened with the smoke of burning churches, in which God, the Son of God",MAKE_BLACK,MAKE_BLACK,MAKE_BLACK,"  and soon defiled with the blood of enslaved, alarmed victims of superstition, and blackened with the smoke of burning churches, in which God, the Son of God",black,BURN,BURN
77,1845,MAG,AmWhigRev,"  portion of the community, as stained with the most odious, degrading vices, blackened with revolting crimes, and flagrant outrages on decency and piety, with corruption,",DEFAME,CORRUPT,CORRUPT,"  portion of the community, as stained with the most odious, degrading vices, blackened with revolting crimes, and flagrant outrages on decency and piety, with corruption,",black,CORRUPT,CORRUPT
78,1845,MAG,AmWhigRev,"  diamondhilted sword dripping with blood, his gay uniform riddled with balls and singed and blackened with powder, while his strong war-horse was streaked with foam and blood, and",MAKE_BLACK,MAKE_BLACK,MAKE_BLACK,"  diamondhilted sword dripping with blood, his gay uniform riddled with balls and singed and blackened with powder, while his strong war-horse was streaked with foam and blood, and",black,BURN,BURN
88,1847,MAG,AmWhigRev,"  the key of the Hudson river, then gave it up to the enemy and blackened his name forever. Mr. Headley, we think, has drawn his character with",DEFAME,DEFAME,DEFAME,"  the key of the Hudson river, then gave it up to the enemy and blackened his name forever. Mr. Headley, we think, has drawn his character with",black,DEFAME,DEFAME
118,1852,MAG,AmWhigRev,"  chapel, his frescos, though dimmed by the dust of five hundred years, blackened by the smoke of incense, abused by restorers, still show a power of",MAKE_BLACK,MAKE_BLACK,MAKE_BLACK,"  chapel, his frescos, though dimmed by the dust of five hundred years, blackened by the smoke of incense, abused by restorers, still show a power of",black,MAKE_BLACK,MAKE_BLACK
46,1852,MAG,AmWhigRev,"  full by the liars of the press, is poured out, to soil and blacken his reputation over the entire continent. The most infamous anecdotes are invented and put",DEFAME,DEFAME,DEFAME,"  full by the liars of the press, is poured out, to soil and blacken his reputation over the entire continent. The most infamous anecdotes are invented and put",black,DEFAME,DEFAME
38,1852,MAG,AmWhigRev,"  they were hampered by no vile associations; they were dogged by no foul and blackening history. The party had not proposed them, after months of deliberation, and",ADJECTIVE,ADJECTIVE,ADJECTIVE,"  they were hampered by no vile associations; they were dogged by no foul and blackening history. The party had not proposed them, after months of deliberation, and",black,DEFAME,DEFAME
294,1886,FIC,AnAlgonquinMaiden,"  reverend seigniors of the "" Family Compact "" would blacken their faces as they had blackened their hearts, and "" star "" it through the lowly hamlets of the Province",CORRUPT,PAINT_BODY_BLACK,PAINT_BODY_BLACK,"  reverend seigniors of the "" Family Compact "" would blacken their faces as they had blackened their hearts, and "" star "" it through the lowly hamlets of the Province",black,PAINT_BODY_BLACK,PAINT_BODY_BLACK
115,1886,FIC,AnAlgonquinMaiden,"  , that if the grave and reverend seigniors of the "" Family Compact "" would blacken their faces as they had blackened their hearts, and "" star "" it through",CORRUPT,CORRUPT,CORRUPT,"  , that if the grave and reverend seigniors of the "" Family Compact "" would blacken their faces as they had blackened their hearts, and "" star "" it through",black,PAINT_BODY_BLACK,PAINT_BODY_BLACK
795,1999,FIC,Analog,  doing the theoretically impossible: merging our life forces. Then the depths of space blackened and perception failed me. My eyes opened onto a scene of two fizzy faces,BE(COME)_BLACK,BE(COME)_BLACK,BE(COME)_BLACK,  doing the theoretically impossible: merging our life forces. Then the depths of space blackened and perception failed me. My eyes opened onto a scene of two fizzy faces,black,BE(COME)_BLACK,BE(COME)_BLACK
892,2017,FIC,Analog,"  all night, feeling hopeful when the objects the offworlders put on his neck had blackened and fallen away, then dismayed when he had not awoken. Then, in",BE(COME)_BLACK,BE(COME)_BLACK,BE(COME)_BLACK,"  all night, feeling hopeful when the objects the offworlders put on his neck had blackened and fallen away, then dismayed when he had not awoken. Then, in",black,BE(COME)_BLACK,BE(COME)_BLACK
893,2017,FIC,Analog,"  taken about putting her countenance in order had been futile; the prisoner had only blackened sockets where his eyes had been. # "" Can you hear? "" #",ADJECTIVE,ADJECTIVE,ADJECTIVE,"  taken about putting her countenance in order had been futile; the prisoner had only blackened sockets where his eyes had been. # "" Can you hear? "" #",black,ADJECTIVE,ADJECTIVE
894,2018,FIC,Analog,"  Stills didn't like, shone. The emergency light. The water inside was blackened and tinged with red. Shards of glass lay on the floor of the airlock",MAKE_BLACK,MAKE_BLACK,MAKE_BLACK,"  Stills didn't like, shone. The emergency light. The water inside was blackened and tinged with red. Shards of glass lay on the floor of the airlock",black,ADJECTIVE,ADJECTIVE
895,2018,FIC,Analog,"  Zoh. Her beam finds the metal canister of the oxygen candle, one end blackened and distorted. Everything within a foot of the deck is charred, melted in",BE(COME)_BLACK,BE(COME)_BLACK,BE(COME)_BLACK,"  Zoh. Her beam finds the metal canister of the oxygen candle, one end blackened and distorted. Everything within a foot of the deck is charred, melted in",black,BURN,BURN
896,2018,FIC,Analog,  off his ruined suit with stinging fingers. The carbon fiber at his fingertips had blackened and melted. He peeled away the adhesive comms patches from the hands of the,BE(COME)_BLACK,BE(COME)_BLACK,BE(COME)_BLACK,  off his ruined suit with stinging fingers. The carbon fiber at his fingertips had blackened and melted. He peeled away the adhesive comms patches from the hands of the,black,BURN,BURN
900,2019,FIC,Analog,"  drizzle without getting our asses wet. # The partially clouded sky above purpled and blackened. The stars emerged and die fire sputtered and crackled, sending up a delicious",BE(COME)_BLACK,BE(COME)_BLACK,BE(COME)_BLACK,"  drizzle without getting our asses wet. # The partially clouded sky above purpled and blackened. The stars emerged and die fire sputtered and crackled, sending up a delicious",black,ADJECTIVE,ADJECTIVE
298,2017,FIC,Analog,  leaf. I saw the handwriting of ages disappear; I saw the painted pictures blacken. I smelled the flowers whose petals had made the colored inks. Although I,BE(COME)_BLACK,BE(COME)_BLACK,BE(COME)_BLACK,  leaf. I saw the handwriting of ages disappear; I saw the painted pictures blacken. I smelled the flowers whose petals had made the colored inks. Although I,black,BE(COME)_BLACK,BE(COME)_BLACK
299,2018,FIC,Analog,"  "" # "" That sounds about right. "" # Barigin watched the borehole walls blacken until he peered into a man-size tunnel lit only by his helmet brights. #",BE(COME)_BLACK,BE(COME)_BLACK,BE(COME)_BLACK,"  "" # "" That sounds about right. "" # Barigin watched the borehole walls blacken until he peered into a man-size tunnel lit only by his helmet brights. #",black,BE(COME)_BLACK,BE(COME)_BLACK
