Unnamed: 0,Unnamed: 1,Unnamed: 2,Unnamed: 3,Concordance,CL_PREMOD_ADJ,CF_PREMOD_ADJ,HUMAN,concatenated_text,palabra,annotations_gpt-4.1-mini_whiten_COCA_GENERIC,GPT_CATEGORY
4,2019,ACAD,... Brazilian Administration Review,"  social and material benefits in the Brazilian society. In addition, racism manifests through whitening, stating the superiority of being white in racist societies. Making whitening something fundamental",NOUN,NOUN,NOUN,"  social and material benefits in the Brazilian society. In addition, racism manifests through whitening, stating the superiority of being white in racist societies. Making whitening something fundamental",white,NOUN,NOUN
5,2019,ACAD,... Brazilian Administration Review,"  manifests through whitening, stating the superiority of being white in racist societies. Making whitening something fundamental for racialization mean seeing whitening not as a property of certain bodies but",NOUN,NOUN,NOUN,"  manifests through whitening, stating the superiority of being white in racist societies. Making whitening something fundamental for racialization mean seeing whitening not as a property of certain bodies but",white,NOUN,NOUN
6,2019,ACAD,... Brazilian Administration Review,  of being white in racist societies. Making whitening something fundamental for racialization mean seeing whitening not as a property of certain bodies but as part of the social relations by,NOUN,NOUN,NOUN,  of being white in racist societies. Making whitening something fundamental for racialization mean seeing whitening not as a property of certain bodies but as part of the social relations by,white,NOUN,NOUN
7,2019,ACAD,... Brazilian Administration Review,"  supremacy and superiority is stated, and the end of racism requires the end of whitening (Jensen, 2011). Moreover, in the Brazilian context, social class",NOUN,NOUN,NOUN,"  supremacy and superiority is stated, and the end of racism requires the end of whitening (Jensen, 2011). Moreover, in the Brazilian context, social class",white,NOUN,NOUN
8,2019,ACAD,... Brazilian Administration Review,"  Wagley, 1952). Thus, social class can act as a form of whitening or blackening (Azevedo, 1995; M. N. da Silva, 2000; N.",NOUN,NOUN,NOUN,"  Wagley, 1952). Thus, social class can act as a form of whitening or blackening (Azevedo, 1995; M. N. da Silva, 2000; N.",white,NOUN,NOUN
9,2019,ACAD,... Brazilian Administration Review,"  process by which race is resignified, it was verified that social class acts as whitening in the Brazilian context. Whitening through social class evidence how race is classified and",NOUN,NOUN,NOUN,"  process by which race is resignified, it was verified that social class acts as whitening in the Brazilian context. Whitening through social class evidence how race is classified and",white,MAKE_IDENTITY_WHITE,MAKE_IDENTITY_WHITE
10,2019,ACAD,... Brazilian Administration Review,"  , it was verified that social class acts as whitening in the Brazilian context. Whitening through social class evidence how race is classified and constituted by aspects related to social",NOUN,NOUN,NOUN,"  , it was verified that social class acts as whitening in the Brazilian context. Whitening through social class evidence how race is classified and constituted by aspects related to social",white,NOUN,NOUN
11,2019,ACAD,... Brazilian Administration Review,"  level of racial miscegenation in Brazil (Degler, 1971) in the search for whitening (Lacerda, 1912; Schwarcz, 2012). # However, as E8",NOUN,NOUN,NOUN,"  level of racial miscegenation in Brazil (Degler, 1971) in the search for whitening (Lacerda, 1912; Schwarcz, 2012). # However, as E8",white,NOUN,NOUN
103,2019,ACAD,... Brazilian Administration Review,  in the Brazilian context. It is not simply racial miscegenation with whites that produces whitening. The social class to which the subject belongs is an important factor for whitening,NOUN,NOUN,NOUN,  in the Brazilian context. It is not simply racial miscegenation with whites that produces whitening. The social class to which the subject belongs is an important factor for whitening,white,NOUN,NOUN
104,2019,ACAD,... Brazilian Administration Review,"  whitening. The social class to which the subject belongs is an important factor for whitening and resignification of race, making racial intelligibility exceed phenotypic characteristics (Hall, 2000",NOUN,NOUN,NOUN,"  whitening. The social class to which the subject belongs is an important factor for whitening and resignification of race, making racial intelligibility exceed phenotypic characteristics (Hall, 2000",white,NOUN,NOUN
105,2019,ACAD,... Brazilian Administration Review,"  of race, making racial intelligibility exceed phenotypic characteristics (Hall, 2000). Whitening in the Brazilian society is obtained not only by the miscegenation between African and European",NOUN,NOUN,NOUN,"  of race, making racial intelligibility exceed phenotypic characteristics (Hall, 2000). Whitening in the Brazilian society is obtained not only by the miscegenation between African and European",white,NOUN,NOUN
106,2019,ACAD,... Brazilian Administration Review,"  of E10 (Black, Middle) clarifies social class performance as a form of whitening (Azevedo, 1966; M. N. da Silva, 2000; N. do V.",NOUN,NOUN,NOUN,"  of E10 (Black, Middle) clarifies social class performance as a form of whitening (Azevedo, 1966; M. N. da Silva, 2000; N. do V.",white,NOUN,NOUN
107,2019,ACAD,... Brazilian Administration Review,"  , social class is fundamental to the process of Brazilian racialization, demonstrating that both whitening and blackening are not a phenotypic property of the bodies themselves (DuBois, 1970",NOUN,NOUN,NOUN,"  , social class is fundamental to the process of Brazilian racialization, demonstrating that both whitening and blackening are not a phenotypic property of the bodies themselves (DuBois, 1970",white,NOUN,NOUN
108,2019,ACAD,... Brazilian Administration Review,"  by the social class and not race. However, in an indirect way, whitening by social class shows the existence of structural racism in Brazil. Whitening through social",NOUN,NOUN,NOUN,"  by the social class and not race. However, in an indirect way, whitening by social class shows the existence of structural racism in Brazil. Whitening through social",white,NOUN,NOUN
109,2019,ACAD,... Brazilian Administration Review,"  way, whitening by social class shows the existence of structural racism in Brazil. Whitening through social class demonstrates the existence of structural racism, even when operating through class",NOUN,NOUN,NOUN,"  way, whitening by social class shows the existence of structural racism in Brazil. Whitening through social class demonstrates the existence of structural racism, even when operating through class",white,NOUN,NOUN
110,2019,ACAD,... Brazilian Administration Review,"  race beyond the phenotypic characteristics that underlie race prejudice, acting as a form of whitening or blackening of the subjects. The boundaries between race and class identities are so",NOUN,NOUN,NOUN,"  race beyond the phenotypic characteristics that underlie race prejudice, acting as a form of whitening or blackening of the subjects. The boundaries between race and class identities are so",white,NOUN,NOUN
39,2012,WEB,...al.library.upenn.edu,"  three others, a godown on very high stilts, and a mound of graves whitened by the petals of the Frangipani, with a great many cocoa-nut and other trees",MAKE_WHITE,MAKE_WHITE,MAKE_WHITE,"  three others, a godown on very high stilts, and a mound of graves whitened by the petals of the Frangipani, with a great many cocoa-nut and other trees",white,MAKE_WHITE,MAKE_WHITE
63,2012,BLOG,...armerpandaupdate.com,"  observe this is to try using ovulation predictors and as well never-ending circuit supervising teeth whitening products. # Combined with these cheese, We had arrived possibly aware do not",ADJECTIVE,ADJECTIVE,ADJECTIVE,"  observe this is to try using ovulation predictors and as well never-ending circuit supervising teeth whitening products. # Combined with these cheese, We had arrived possibly aware do not",white,NOUN,NOUN
39,2012,BLOG,...bursorm.blogspot.com,  ????????????? Wonderful Teeth Whitening Suggestions For A Brighter Smile! Let Your Smile Shine A Mile Away With These,ADJECTIVE,ADJECTIVE,ADJECTIVE,  ????????????? Wonderful Teeth Whitening Suggestions For A Brighter Smile! Let Your Smile Shine A Mile Away With These,white,NOUN,NOUN
40,2012,BLOG,...bursorm.blogspot.com,  Mile Away With These Simple Recommendations! Pearly Whites Are Possible By Following These Teeth Whitening Ideas Dental ansvar Care For The,NOUN,NOUN,NOUN,  Mile Away With These Simple Recommendations! Pearly Whites Are Possible By Following These Teeth Whitening Ideas Dental ansvar Care For The,white,NOUN,NOUN
58,2012,BLOG,...ccupycorporatism.com,"  are experiencing. # To combat global warming, they are using solar engineering to whiten skies to reflect sunlight back out into space; however this aluminum aerosol sprayed into",MAKE_WHITE,MAKE_WHITE,MAKE_WHITE,"  are experiencing. # To combat global warming, they are using solar engineering to whiten skies to reflect sunlight back out into space; however this aluminum aerosol sprayed into",white,MAKE_WHITE,MAKE_WHITE
97,2007,MOV,...ce Colon Movie Film for Theaters,"  My hands are tied at this point. I kind of also got a teeth whitening package. So, you know... don't stay up. Meet us out",ADJECTIVE,ADJECTIVE,ADJECTIVE,"  My hands are tied at this point. I kind of also got a teeth whitening package. So, you know... don't stay up. Meet us out",white,NOUN,NOUN
94,2007,MOV,...ce Colon Movie Film for Theaters,"  four hours. Pick this egg up now! But my teeth have just been whitened! These teeth here, they make for a pretty good stool. - You",BLEACH,BLEACH,BLEACH,"  four hours. Pick this egg up now! But my teeth have just been whitened! These teeth here, they make for a pretty good stool. - You",white,ADJECTIVE,ADJECTIVE
41,2012,WEB,...documentaryfilms.com,  chem-trail jets have white underbellies so as to probably make them less visible as the whiten our skies with their pollution. They also fly much higher and leave very long,MAKE_WHITE,MAKE_WHITE,MAKE_WHITE,  chem-trail jets have white underbellies so as to probably make them less visible as the whiten our skies with their pollution. They also fly much higher and leave very long,white,MAKE_WHITE,MAKE_WHITE
42,2012,WEB,...documentaryfilms.com,  also fly much higher and leave very long and thick trails that now dissipate and whiten the skies. # Neno # This white layer they're adding to our sky,MAKE_WHITE,MAKE_WHITE,MAKE_WHITE,  also fly much higher and leave very long and thick trails that now dissipate and whiten the skies. # Neno # This white layer they're adding to our sky,white,MAKE_WHITE,MAKE_WHITE
73,2012,BLOG,...ecollegeprepster.com,"  , oranges, pinks and reds. Other than that, just make sure to whiten your teeth, bring a concealer stick in case of bleeds (huge help)",BLEACH,BLEACH,BLEACH,"  , oranges, pinks and reds. Other than that, just make sure to whiten your teeth, bring a concealer stick in case of bleeds (huge help)",white,BLEACH,BLEACH
44,2012,WEB,...euntrue.blogspot.com,"  oppressed and turning them into criminals. The true history of the world has been whitened. Blacks have been brainwashed for hundreds of years, told they are worth less",MAKE_IDENTITY_WHITE,MAKE_IDENTITY_WHITE,MAKE_IDENTITY_WHITE,"  oppressed and turning them into criminals. The true history of the world has been whitened. Blacks have been brainwashed for hundreds of years, told they are worth less",white,MAKE_IDENTITY_WHITE,MAKE_IDENTITY_WHITE
95,2004,MOV,...ght Live: Presidential Bash 2004,"  it must be the same. Don't you know about it? Haemophilia can whiten the color of the blood. When the blood is damaged, would be hair",MAKE_WHITE,MAKE_WHITE,MAKE_WHITE,"  it must be the same. Don't you know about it? Haemophilia can whiten the color of the blood. When the blood is damaged, would be hair",white,MAKE_WHITE,MAKE_WHITE
49,2012,BLOG,...-holistic-health.com,  forms on your teeth. Hydrogen peroxide will not only kill the plaque but also whiten your teeth. Caution: You must use only 1% hydrogen peroxide or you will,BLEACH,BLEACH,BLEACH,  forms on your teeth. Hydrogen peroxide will not only kill the plaque but also whiten your teeth. Caution: You must use only 1% hydrogen peroxide or you will,white,BLEACH,BLEACH
27,2012,WEB,...irhealthconsumer.org,"  cover implants. In addition, services for strictly cosmetic reasons, such as teeth whitening, are rarely covered by dental insurance. However, discounts for these services may",NOUN,NOUN,NOUN,"  cover implants. In addition, services for strictly cosmetic reasons, such as teeth whitening, are rarely covered by dental insurance. However, discounts for these services may",white,NOUN,NOUN
69,2012,BLOG,...nagurl.wordpress.com,  to be absorbed before rinsing. # Use Epsom salt and liquid dish detergent to whiten floor tiles and dissolve dirt. By adding some Epsom salt to your sudsy water,MAKE_WHITE,MAKE_WHITE,MAKE_WHITE,  to be absorbed before rinsing. # Use Epsom salt and liquid dish detergent to whiten floor tiles and dissolve dirt. By adding some Epsom salt to your sudsy water,white,BLEACH,BLEACH
42,2012,BLOG,...ndingpersonality.com,"  She knows they come to her for cleanings, fillings, root canals, and whitening. This dentist will make sure her website can be found on Google, Yahoo",NOUN,NOUN,NOUN,"  She knows they come to her for cleanings, fillings, root canals, and whitening. This dentist will make sure her website can be found on Google, Yahoo",white,NOUN,NOUN
64,2012,BLOG,...nlucca.wordpress.com,  black. I read in your pdf file that you add a yellow filter to whiten a blue light. Pigments are not altogether different than light. # Yellow transparent,MAKE_WHITE,MAKE_WHITE,MAKE_WHITE,  black. I read in your pdf file that you add a yellow filter to whiten a blue light. Pigments are not altogether different than light. # Yellow transparent,white,BLEACH,BLEACH
57,2012,BLOG,...og.uncommongoods.com,"  known) -- aren't necessary. There are plenty of non-toxic chemicals that can whiten paper, including the same stuff that's in Oxy-Clean. # When you do",BLEACH,BLEACH,BLEACH,"  known) -- aren't necessary. There are plenty of non-toxic chemicals that can whiten paper, including the same stuff that's in Oxy-Clean. # When you do",white,BLEACH,BLEACH
59,2012,BLOG,...omeschooljournal.net,"  "" Life has loveliness to sell, all beautiful and splendid things, blue waves whitened on a cliff, soaring fire that sways and sings, and children's faces",BE(COME)_WHITE,BE(COME)_WHITE,BE(COME)_WHITE,"  "" Life has loveliness to sell, all beautiful and splendid things, blue waves whitened on a cliff, soaring fire that sways and sings, and children's faces",white,MAKE_WHITE,MAKE_WHITE
83,2012,BLOG,...oodthingbyjillee.com,  a big difference when I've done that (much more noticable than bleach's whitening power). # I have been using the liquid version for months and my,ADJECTIVE,ADJECTIVE,ADJECTIVE,  a big difference when I've done that (much more noticable than bleach's whitening power). # I have been using the liquid version for months and my,white,BLEACH,BLEACH
70,2012,BLOG,...oodthingbyjillee.com,  bought the cheap detergent which would ruin our clothes at the end. It would whiten them and make them loose their color. Has anyone tried it long enough to,MAKE_WHITE,BLEACH,BLEACH,  bought the cheap detergent which would ruin our clothes at the end. It would whiten them and make them loose their color. Has anyone tried it long enough to,white,BLEACH,BLEACH
55,2012,BLOG,...phkings.blogspot.com,"  and also mouthwash # : Wash, head of hair conditioner, hair styling teeth whitening gel # : Water cosmetics (that features mascara, girls) # : Palm",ADJECTIVE,ADJECTIVE,ADJECTIVE,"  and also mouthwash # : Wash, head of hair conditioner, hair styling teeth whitening gel # : Water cosmetics (that features mascara, girls) # : Palm",white,NOUN,NOUN
56,2012,BLOG,...phkings.blogspot.com,"  : Scent, cologne, after-shave product # : Water drugs # : Huge teeth whitening gel lids (for instance Vitamin e antioxidant) # : Yogurt, applesauce,",ADJECTIVE,ADJECTIVE,ADJECTIVE,"  : Scent, cologne, after-shave product # : Water drugs # : Huge teeth whitening gel lids (for instance Vitamin e antioxidant) # : Yogurt, applesauce,",white,NOUN,NOUN
57,2012,BLOG,...phkings.blogspot.com,  # : Lips shine # : Water palm sanitizer # : Head of hair teeth whitening gel # : Sunshine bronze product # Enhance the previously mentioned record almost any merchandise,ADJECTIVE,ADJECTIVE,ADJECTIVE,  # : Lips shine # : Water palm sanitizer # : Head of hair teeth whitening gel # : Sunshine bronze product # Enhance the previously mentioned record almost any merchandise,white,NOUN,NOUN
58,2012,BLOG,...practicalwedding.com,"  n't going to feel like I needed to get a spray-tan, get my teeth whitened, or go to bridal boot camp because I love my dress, exactly as",BLEACH,BLEACH,BLEACH,"  n't going to feel like I needed to get a spray-tan, get my teeth whitened, or go to bridal boot camp because I love my dress, exactly as",white,BLEACH,BLEACH
51,2012,BLOG,...smakemelookcrazy.com,"  become one of those gymnasts who weigh 83 lbs and have feet which are permanently whitened with chalk dust, I'd really like to her to be able to have",COAT_WITH_WHITE,COAT_WITH_WHITE,COAT_WITH_WHITE,"  become one of those gymnasts who weigh 83 lbs and have feet which are permanently whitened with chalk dust, I'd really like to her to be able to have",white,COAT_WITH_WHITE,COAT_WITH_WHITE
55,2012,BLOG,...tasies.wordpress.com,"  and placed it next to it, in full view of the class. May whitened, she only did this for one reason. She had seen it happen before",BE(COME)_PALE,BE(COME)_PALE,BE(COME)_PALE,"  and placed it next to it, in full view of the class. May whitened, she only did this for one reason. She had seen it happen before",white,BE(COME)_PALE,BE(COME)_PALE
56,2012,BLOG,...tasies.wordpress.com,"  here. "" Her mother said. "" You know the rules. "" May whitened. "" No mum, please, not another spanking. "" "" You know",BE(COME)_PALE,BE(COME)_PALE,BE(COME)_PALE,"  here. "" Her mother said. "" You know the rules. "" May whitened. "" No mum, please, not another spanking. "" "" You know",white,BE(COME)_PALE,BE(COME)_PALE
52,2012,BLOG,...un1951.wordpress.com,"  "" Life has loveliness to sell, all beautiful and splendid things, blue waves whitened on a cliff, soaring fire that sways and sings, and children's faces",BE(COME)_WHITE,BE(COME)_WHITE,BE(COME)_WHITE,"  "" Life has loveliness to sell, all beautiful and splendid things, blue waves whitened on a cliff, soaring fire that sways and sings, and children's faces",white,BE(COME)_WHITE,BE(COME)_WHITE
99,2002,MOV,...Winter Olympics Opening Ceremony,"  ? Since we were talking about Richard Hammond, your car's had its teeth whitened. (both_laughing) RICHARD: Lillehammer has one of the most formidable bobsleigh runs",COAT_WITH_WHITE,BLEACH,MAKE_WHITE,"  ? Since we were talking about Richard Hammond, your car's had its teeth whitened. (both_laughing) RICHARD: Lillehammer has one of the most formidable bobsleigh runs",white,BLEACH,BLEACH
36,2012,WEB,...xegesis.blogspot.com,"  shining, exceedingly white, like snow, such as no launderer on earth can whiten them. And Elijah appeared to them with Moses, and they were talking with",MAKE_WHITE,MAKE_WHITE,MAKE_WHITE,"  shining, exceedingly white, like snow, such as no launderer on earth can whiten them. And Elijah appeared to them with Moses, and they were talking with",white,BLEACH,BLEACH
37,2012,WEB,...xegesis.blogspot.com,"  shining, exceedingly white, like snow, such as no launderer on earth can whiten them. This powerful scene of transfiguration takes place soon after Peter's confession.",MAKE_WHITE,MAKE_WHITE,MAKE_WHITE,"  shining, exceedingly white, like snow, such as no launderer on earth can whiten them. This powerful scene of transfiguration takes place soon after Peter's confession.",white,BLEACH,BLEACH
91,2012,BLOG,...yskinuk.blogspot.com,"  left stained through your smoking habit, then take a look at the newest Teeth Whitening Pens # This may seem like an expensive long winded exercise for some. But",ADJECTIVE,ADJECTIVE,ADJECTIVE,"  left stained through your smoking habit, then take a look at the newest Teeth Whitening Pens # This may seem like an expensive long winded exercise for some. But",white,NOUN,NOUN
78,2010,ACAD,20thCentLit,"  figuratively fissured, physical structures like the abandoned mills ("" never quite stripped and whitened to a skeleton's decency: like corpses at their most horrible "" 178)",MAKE_WHITE,MAKE_WHITE,MAKE_WHITE,"  figuratively fissured, physical structures like the abandoned mills ("" never quite stripped and whitened to a skeleton's decency: like corpses at their most horrible "" 178)",white,MAKE_WHITE,MAKE_WHITE
